{
  "hash": "94403f72",
  "configHash": "ebb65bc1",
  "lockfileHash": "5a8403b3",
  "browserHash": "fdafa885",
  "optimized": {
    "@angular/core": {
      "src": "../../../../../../node_modules/@angular/core/fesm2022/core.mjs",
      "file": "@angular_core.js",
      "fileHash": "a9d20d3e",
      "needsInterop": false
    },
    "@angular/forms": {
      "src": "../../../../../../node_modules/@angular/forms/fesm2022/forms.mjs",
      "file": "@angular_forms.js",
      "fileHash": "bb7ed45f",
      "needsInterop": false
    },
    "@angular/platform-browser": {
      "src": "../../../../../../node_modules/@angular/platform-browser/fesm2022/platform-browser.mjs",
      "file": "@angular_platform-browser.js",
      "fileHash": "d6176649",
      "needsInterop": false
    }
  },
  "chunks": {
    "chunk-HOSBANRR": {
      "file": "chunk-HOSBANRR.js"
    },
    "chunk-C7GL24IT": {
      "file": "chunk-C7GL24IT.js"
    }
  }
}